paper_id,reproduction_type_osf,reproduction_result_osf,categorisation_of_claim,in_text_original_statistical_result,related_original_statistical_result,original_result_page_number
Andreoni_JournPoliEco_2017_La9x,Push Button Reproduction,reproduced,part,"The coefficient on Ask1 reveals that in the one-door conditions, the presence of a verbal request raised the number of donors by 55 percent (from 'Number of Givers per 23-Minute Session' column in Table 2, 'Ask1' variable: coefficient = 4.06; SE clustered by block = 1.135; p < .01).","Ask1' variable: coefficient = 4.06, SE clustered by block = 1.135, p < 0.01",page 637
Cohen_AmEcoRev_2015_2lb5,Push Button Reproduction,reproduced,part,"Column 1 of Table 2 reports results on  ACT access. [The coefficient for “B1. ACT subsidy = 92 percent” is 0.225 with robust standard errors clustered at the household level of 0.053, significant at the 1 percent level.]","Any ACT subsidy: coefficient = 0.187, SE clustered at the household level = 0.038, significant at the 1 percent level",page 627
Baker_WorldPolitics_2011_9lBL,Push Button Reproduction,reproduced,similar,"Mass preferences about the market have the same large impact when controlling for subjective performance evaluations. This indicates that market-policy attitudes are not simply a tally of retrospective economic evaluations, but rather capture citizens’ deeper beliefs about the best policy direction for their governments to pursue (coefficient on mass support for the market (t-1) term = –.788, robust SE = .310, p < .05).","Mass support for the market (t-1) term, simple model = –.751, robust SE = .288, p < .05.

Mass support for the market (t-1) term: coefficient = –0.788, robust SE = 0.310, p < 0.05",page 65
Caldero_n_JournConflictRes_2015_Nv99,Push Button Reproduction,reproduced,part,"The estimated effects for leadership captures or killings in the difference-in-difference specification using the full weighted sample (model 3) are of similar magnitude and significance to other results. With respect to its synthetic counterfactual, the capture of a leader is related to average increases of 36.5 percent, in drug-related homicides, during the first six months after the capture (from Model 3: coefficient on 'after(1–6 months) * (leader)' term = 0.311; robust SE clustered at the municipality level = 0.126; p < .05).",after(1–6 months) * (leader)' term: coefficient = 0.311; robust SE clustered at the municipality level = 0.126; p < .05,page 1472
GROSSMAN_AmPoliSciRev_2014_LyWB,Push Button Reproduction,reproduced,similar,"The likelihood that a county secedes to form a new district is decreasing in its DEC share (coefficient on DEC share ratio term = -0.79, SE = 0.20, p < 0.01).","DEC share ratio: coefficient = - 0.79, SE = 0.20, p < 0.01",page 208
Luttrell_JournExpSocPsych_2016_rjb,Push Button Reproduction,reproduced,same,"Most importantly, there | was a significant certainty × objective ambivalence interaction, B = .04,t(169) = 2.28, p = .02, 95% CI: [.01, .07].","B = 0.04, t(169) = 2.28, p = 0.02, 95% CI: [0.01, 0.07]",page 61
ANN_SLOCUM_Criminology_2010_JxXe,Extended Push Button Reproduction,reproduced,same,"The result was a statistically significant coefficient for the the “Poverty” variable, b = -.50, SE = .025, p < .05.","coefficient for Poverty = -0.50, SE = 0.025, p < 0.05",page 1083
Angrist_AmEcoRev_2009_Gv3O,Push Button Reproduction,reproduced,part,"The estimates in Table 2 suggest that the Achievement Awards program had no effect on boys, but show reasonably clear evidence of increased Bagrut rates for girls. [Treatment effect for ""Model with school covariates, quartile dummies, micro covariates” is 0.105 with standard errors of 0.047. ]","b = 0.105, BRL SE = 0.047",page 1394
Baccara_AmEcoJourn_2014_RqVE,Push Button Reproduction,reproduced,similar,"In other words, PAPs have a positive and sizable preference in favor of ( non-African American) girls. From Table 5 - coefficient for Non-African American girl = 0.028 (4.23), significant at the 0.1 percent level.","coefficient for Non-African American girl = 0.028, t-statistic = 4.23, significant at the 0.1 percent level",page 149
Barreca_JournPoliEco_2016_J999,Push Button Reproduction,reproduced,similar,"Table 6 presents the results from the fitting of several versions of equation 2. Panel B indicates that the diffusion of residential air conditioning is associated with a sizable and statistically significant decrease in mortality due to hot days in the 1960-2004 period. The estimates in columns 2b and 3b suggest that each 10 percentage point increase in residential AC ownership is associated with a decrease in the mortality effect of >90F days by 0.0021 log points; this is roughly 10 percent of the effect of a >90F day in the pre-1960 period. In Table 6, the coefficient of “number of days above 90F x share of residential AC” is -0.0212 with a standard error of 0.0054 and a p-value < 0.001.","“Number of days above 90F x share of residential AC”: coefficient = -0.0212, CE clustered on the state = 0.0054, p-value < 0.001",page 139
Beaman_JournLabEco_2018_7ybJ,Push Button Reproduction,reproduced,similar,"The difference in application rates is driven by men systematically referring other men when given the choice: women refer women at approximately the rate by which women apply themselves through the traditional method (43% of the time), while men refer women only 23% of the time. The difference between male and female conventional applicants is significant at the 1% level (p = .002) (column 4 of panel C in table 1).",p < 0.05,page 132
Behrman_JournPoliEco_2015_G55r,Push Button Reproduction,reproduced,part,"In year 1...On the basis of the adjusted estimates, T3 students in the tenth grade scored 31.4 standardized points higher, on average, than did C [control group] students [Each standardized point represents 0.01 of a standard deviation.]. A 95 percent confidence interval for T3 ranges from 19.8 to 43.0 points (from Table 7, 'Year 1: Academic Year 2008/9 -- T3' column, 'With copying adjustment: 10th grade: ATE' row: estimate = 31.4; SE = 5.79).","Year 1: Academic Year 2008/9 -- T3' column, 'With copying adjustment: 10th grade: ATE' row: estimate = 31.4, SE = 5.79",page 346
Bruner_ExpEco_2017_amYY,Push Button Reproduction,reproduced,similar,"The result, consistent with Hypothesis 2, is a significant and negative Pearson’s correlation coefficient that is , r = -.4625, p = 0.0000.","Pearson’s correlation coefficient = -0.4625, p = 0.0000",page 270
Bursztyn_JournPoliEco_2012_jaK4,Push Button Reproduction,reproduced,similar,"In table 4, we present the treatment effects…[The coefficient for “Text message treatment dummy” is 0.5819 with standard errors clustered by school of 0.091, significant at 1 percent level.]","“Text message treatment dummy”: estimate = 0.5819, SE clustered by school = 0.091, significant at 1 percent level",page 385
Clark_JournPoliEco_2009_e5rW,Push Button Reproduction,reproduced,similar,"[O]nly 2 years after the vote, a GM vote win is estimated to increase performance by around 3 percentage points. [The coefficient for “Base + 2” is 3.587 with robust standard errors of 1.148.]","“Base + 2” = 3.587, robust SE = 1.148",page 758
Liang_JournPoliEco_2018_q8xv,Push Button Reproduction,reproduced,similar,"[Coefficient of “Median age (ages 20-64)” is -0.007 with standard errors clustered at the country level of -0.001, significant at 1 percent.] Using the estimates from column 3 of table 2, a one standard deviation decrease in median age (equal to 3.5 years in 2010) results in a 2.5 percentage point increase in the entrepreneurship rate, which is over 40 percent of the mean entrepreneurship rate across countries (equal to 0.061 in 2010).","“Median age (ages 20-64)” = - 0.007, SE clustered at the country level = - 0.001, significant at 1 percent",page S166
Lu_JournLabEco_2015_vaWE,Push Button Reproduction,partially reproduced -- p-value not attempted due to length of computation time,same,"Column 1 of panel B in Table 5 demonstrates that female students have positive and statistically significant effects on neighboring female students (0.21 standard deviations, SE clustered by classroom = 0.08, permutation-based p-value = .021). This estimate implies that moving a female student from an all-boy microenvironment to an all-girl microenvironment increases her test scores by approximately 0.2 standard deviations.","Share female in neighbor 5 = 0.211, SE clustered by classroom = 0.076, permutation-based p-value = .021",page 106
McDevitt_JournPoliEco_2014_yQeR,Push Button Reproduction,reproduced,same,"Most notably, firms that use names beginning with an A or a number receive more than five times as many complaints overall...Plumbing firms that use a name beginning with an A or a number differ from other firms in many respects, as shown in table 2. [Mean of the variable for Name Begins with A: No = 0.248 and Yes = 1.339 with t-statistic of 6.79.]","Mean of the variable for Name Begins with A: No = 0.248 and Yes = 1.339, t-statistic of 6.79",page 921
Sliwka_JournLabEco_2017_VDJV,Push Button Reproduction,reproduced,same,"Concerning total performance (model 1)...T_Continuous significantly outperforms Baseline by about 15%. Hence, a simple reallocation of money across periods that implements frequent wage increases leads to a significant increase in overall performance in the authors' setting without any costs to the principal (from Table 3, 'Periods 1-8' column, 'T_Continuous' term: estimate = .148; robust SE = .070; p < .05).","T_Continuous' term: estimate = 0.148, robust SE = 0.070, p < 0.05",page 321
Wang_AmEcoJourn_2013_7d4J,Push Button Reproduction,reproduced,same,"In the SLCC (dataset), the corresponding estimates of the impact of the death of the father-in-law is a decline in wages of 7 percent. From Table 2, the coefficient of “PostFILdeath” on the logarithm earnings = -0.069, significant at the 5 percent level.","coefficient for PostFILdeath on the logarithm earnings = -0.069, SE = 0.034, significant at the 5 percent level",page 97
Dumas_AcaManageJourn_2018_5KrD,Push Button Reproduction,reproduced,same,"As the authors expected, the effect of being single and childless on work absorption was negative and significant (b = -.31, SE = 0.13, p < .05).","(least squares regression) b = -0.31, SE = 0.13, p < 0.05",page 1236
Bartels_JournConsRes_2015_mrZ,Push Button Reproduction,reproduced,same,"In Study 1a, a z-test of whether the correlation between the index of participants’ measured connection to their future self and the dichotomous choice to spend or not spend money differs between the condition in which opportunity cost is highlighted (biserial correlation r(43) = -0.41), versus not highlighted (biserial correlation (r(45) = 0.04; z = 2.14, p < 0.05)","z = 2.14, p < 0.05",page 1473
Liu_JournMarket_2015_9DZl,Push Button Reproduction,reproduced,same,"A one-way analysis of variance (ANOVA) showed that participants who received an acknowledgment with $.05 felt significantly less appreciated than participants who received an acknowledgment without $.05 (M = 4.38 vs. M = 5.57; F(1, 47) = 8.50, p = .005), in support of H1.","M = 4.38 vs. M = 5.57; F(1, 47) = 8.50, p = 0.005",page 79
Yang_JournMarketRes_2013_G1Lr,Extended Push Button Reproduction,reproduced,similar,"Participants in the lottery condition were willing to pay less (M = $5.68, SD = $6.69, Mdn = $5.00) than participants in the gift card condition (M = $9.52, SD = $4.48, Mdn = $7.50; t(99) = 3.43, p < .001, partial eta-squared = .11).","t(99) = 3.43, p < 0.001, partial eta-squared = 0.11",page 727
LINDQVIST_AmPoliSciRev_2010_OeGv,Push Button Reproduction,reproduced,similar,"When the sample is restricted to strong democracies, the estimated effect of polarization on government consumption is statistically significant (coefficient in the 'long' specification for the ""Private"" measure of polarization = -18.73, heteroscedasticity robust SE = 4.79, p = .01).","coefficient in the 'long' specification for the ""Private"" measure of polarization = -18.73, heteroscedasticity robust SE = 4.79, p = 0.01",page 551
Brancati_JournConflictRes_2013_V0PA,Push Button Reproduction,reproduced,part,"...The effect is much stronger, however, if the authors restrict their analysis to only national elections as they do in Table 2, with national elections being held later significantly reducing the probability of a new war breaking out over the ones held earlier. In model 8, for example, the probability of a new war decreases by about 0.09 points (or 31 percent) if national elections occur five years after a civil war ended rather than one year after a war ended, holding all other variables constant at their means (from column (8) in Table 2, 'Election timing' term: estimate = -0.01; SE = 0.005; p < .05).","Election timing' term: estimate = -0.01, SE = 0.005, p < 0.05",page 839
Fuhrmann_JournConflictRes_2010_8Wy0,Push Button Reproduction,reproduced,part,"Violent conflict is statistically and negatively related to attacks (from Model 5 in Table 4, 'Violent conflict' term: estimate = 2.845; robust SE = 1.006; significant at 1 percent).","Violent conflict' term: estimate = 2.845, robust SE = 1.006, significant at 1 percent",page 846
Gartzke_JournConflictRes_2009_rym8,Push Button Reproduction,reproduced,part,Nuclear-capable states are more likely to be recognized by other nations (Coefficient on Nuclear Weapons A term = 0.168 [0.1%]; SE = 0.033).,"coefficient for Nuclear Weapons A = 0.168 [0.1%], SE = 0.033",page 223
Grose_AmJourPoliSci_2015_E0Q3,Push Button Reproduction,reproduced,same,"Supporting the authors' argument, senators appear to have strategically changed whether they mentioned pro-immigration actions in their explanations depending on the constituents' position. When receiving a pro-immigration letter from a constituent, 23.2% of letters mentioned reinforcing or compensating pro-immigration actions. This was nearly double the 12.5% of letters that mentioned pro-immigration actions in response to anti-immigration letters (p = 0.07 [two-tailed], based on the exact McNemar significance probability).","p = 0.07 [two-tailed], based on the exact McNemar significance probability",page 731
Ihme_JournExpPoliSci_2018_xYbO,Push Button Reproduction,reproduced,similar,"Controlling for political interest, the interaction of stereotype activation and gender (F(2,364) = 6.17, p = 0.002, η² = 0.03) was signiﬁcant.

The gender gap emerged in the second (a stereotype activated by a gender question; t = 3.07, df = 117, p = 0.003, d = 0.57) condition

... female participants in the first did significantly better than those in the third condition (t = 2.46, df = 141, p = 0.01, d = 0.41).","F(2,364) = 6.17, p = 0.002, η² = 0.03",page 47
Jiang_AmJourPoliSci_2018_Rjp9,Push Button Reproduction,reproduced,same,"The results show that political connection with the incumbent provincial secretary has a large, positive, and statistically significant effect on local economic growth. Focusing on Model 3, the coefficient estimate (0.382, robust SE clustered at city level = 0.126, p < .01 [two-tailed]) suggests that, all else equal, the growth rates in connected cities are about 0.38 percentage points (or 10% of a standard deviation) higher than in unconnected cities.","Connected to provincial secretary: estimate = 0.382, robust SE clustered at city level = 0.126, p < 0.01 [two-tailed]",page 991
Kucik_BritJournPoliSci_2016_L22B,Push Button Reproduction,reproduced,same,"In Model 2, complainants enjoy a clear benefit in cases that settle early when their trade flows are compared to the rest of the membership. This advantage is statistically significant at the 0.05 level, and it is substantively large: complainants receive a 68 per cent larger volume of post-dispute imports than the other members, on average (coefficient on Complainant (j,d) term = 0.430, clustered SE = 0.180, p < 0.05).","coefficient on Complainant (j,d) term = 0.430, clustered SE = 0.180, p < 0.05",page 878
Marshall_BritJournPoliSci_2015_GOYb,Push Button Reproduction,reproduced,part,"The Ownership Scale is negative and highly significant (coefficient on Ownership Scale term = -3.519, country-clustered robust SE = 0.938, p < 0.01).","coefficient on Ownership Scale term = -3.519, country-clustered robust SE = 0.938, p < 0.01",page 373
McKibben_AmJourPoliSci_2013_P8az,Push Button Reproduction,reproduced,no,"Consistent with Hypothesis S1, negotiating over issues that are more differently valued by states with opposing interests exerts a positive and statistically significant effect on states’ bargaining strategies (coefficient on issue-linkage structure when cooperative strategy is 0 = 1.219, SE clustered by bargaining phase = 0.192, p < .05).","coefficient on issue-linkage structure when cooperative strategy is 0 = 1.219, SE clustered by bargaining phase = 0.192, p < 0.05",page 422
Miller_JournConflictRes_2011_zV1O,Push Button Reproduction,reproduced,similar,"In Table 3, the endogenous measure of the diversionary motivation — coup risk — is positive and statistically significant using the Maddala-corrected standard error (Coefficient = 2.96; Maddala Procedure SE = 1.51; p value = .051; significant at p ≤ .10 using a two-tailed test).","Coup risk: Coefficient = 2.96, Maddala Procedure SE = 1.51, p value = 0.051; significant at p ≤ 0.10 using a two-tailed test",page 205
Nyhan_JournExpPoliSci_2015_DEqr,Push Button Reproduction,reproduced,part,"The coefficient on the denial indicator is -0.25 (SE=0.07), and the coefficient on the causal correction indicator is -0.58 (SE=0.07). The difference in coefficients is -0.34 with a p-value less than 0.01.","Denial: estimate = -0.25, SE = 0.07; Causal correction: estimate = -0.58, SE = 0.07; Difference in coefficients = -0.34, p-value < 0.01",page 87
Rovny_WorldPolitics_2014_AQgj,Push Button Reproduction,reproduced,no,"The table demonstrates that ethnic minorities originating from a federal center tend to be significantly more left-leaning than the ethnic majorities in their countries (coefficient on Minority from Federal Center term in model 1 = –1.179, cluster-corrected SE = 0.100, p < 0.01).","coefficient on Minority from Federal Center term in model 1 = –1.179, cluster-corrected SE = 0.100, p < 0.01",page 689
Turcu_CompPolitStu_2015_YeQg,Push Button Reproduction,reproduced,same,"In column III of Table 1, having a neighbor who recently instituted voting for non-resident citizens associates with a substantial increase in the likelihood of expanding voting (estimate for 'Recent nearby franchise extension' term = 1.86; t statistic, based on SE clustered by country = 2.92; p < .01 [two-tailed]).","estimate for 'Recent nearby franchise extension' term = 1.86, t statistic, based on SE clustered by country = 2.92, p < 0.01 [two-tailed]",page 420
Wlezien_CompPolitStu_2017_ByBk,Push Button Reproduction,reproduced,similar,The coefficient (−0.29; SE = 0.07; p < .01 (two-tailed)) for the variable implies that producing four laws more (less) than we would predict during a presidential term based on the public’s policy mood costs the president’s party about 1% on Election Day.,"policy misrepresentation (above/below predicted): estimate = −0.29, SE = 0.07, p < 0.01 (two-tailed)",page 728
Alves_PsychologSci_2018_AvOr,Extended Push Button Reproduction,reproduced,same,"In Experiment 1, when shared traits were positive and unique traits were negative, most participants preferred the first tribe over the second tribe (first: n = 68; second: n = 36). In contrast, when shared traits were negative and unique traits were positive, most participants preferred the second tribe over the first tribe (first: n = 44; second: n = 62), chi squared(1, N = 210) = 12.02, p < .001; ϕ = −.24","chi squared(1, N = 210) = 12.02, p < 0.001; ϕ = −0.24",page 1129
Axt_JournExpSocPsych_2018_zK2,Push Button Reproduction,reproduced,same,"MC-IAT White-Black associations among black participants: good N = 856, bad N = 751, Good-focal = −0.12 (0.60), Bad-focal = 0.16 (0.64), t = 9.01, p < .001, d [95% CI] = 0.45 [0.35, 0.55]","t = 9.01, p < 0.001, d [95% CI] = 0.45 [0.35, 0.55]","page 279

corrected: 280"
Hou_ChildDev_2017_YOXl,Push Button Reproduction,"approximately reproduced -- p-value was slightly different, though likely just misreported in the original article",same,"Among all potential indirect pathways from Wave 1 parental perceived discrimination to Wave 2 adolescent outcomes in the conceptual model were tested, only one significant indirect pathway was ident-fied: Wave 1 paternal perceived discrimination to Wave 1 paternal depressive symptoms to Wave 2 maternal hostility toward children to Wave 2 adolescent depressive symptoms, beta = .015, SE = .007, p = .032, 95% CI [.003, .026]","p = 0.032, 95% CI [0.003, 0.026]",page 324
Savani_PsychologSci_2010_88xa,Push Button Reproduction,approximately reproduced -- small differences in test statistic and degrees of freedom,similar,"In Study 3, there was an interaction between culture (Indian, American) and condition (construal-of-choice vs. control task) in how often participants pressed the response button, F(1, 120) = 5.69, p < .02, p_rep = .96","t(32)  = 4.25, p  <  .001, prep  >  .99, d  =  1.03",page 394
Steinmetz_JournPerSocPsy_2016_E4Am,Extended Push Button Reproduction,reproduced,part,"In support of the hypothesis, participants felt that the food portion they had eaten was larger when they were observed by a camera while eating (Mcamera = 4.85, SD = 1.94; Mcontrol = 4.00, SD = 1.53), t(80) = 2.20, p = .030, 95% CI [0.082, 1.610], eta squared =.057.","t(80) = 2.20, p = 0.030, 95% CI [0.082, 1.610], eta squared = 0.057",page 855
Woltin_JournExpSocPsych_2011_Wre,Push Button Reproduction,reproduced,part,"An ANOVA revealed that power priming influenced participants' empathic concern, F(1,34) = 5.76, p = .022, partial eta squared = .15","F(1,34) = 5.76, p = 0.022, partial eta squared = 0.15",page 421
Zunick_JournExpSocPsych_2017_zlw,Push Button Reproduction,reproduced,similar,"a signiﬁcantinteraction between weighting bias and trait self-control, β = − 0.26(95% CI: − 0.48, − 0.05), t(68) = − 2.46, p = 0.02","β = − 0.26 (95% CI: − 0.48, − 0.05), t(68) = − 2.46, p = 0.02",page 34
Chen_Demography_2018_yAPR,Push Button Reproduction,reproduced,same,"The results are reported in Table 3, Panel d - under the heading “Female"" The estimated coefficients for “Marriage"" and “Cohabitation"" are .39 (SE = .08) and .21 (SE = .07) respectively. The difference is statistically significant, p = .004.",p = 0.004,page 2311
Baillon_Econometrica_2018_QYNq,Push Button Reproduction,not evaluated -- number of observations doesn't match paper and variables in code don't match dataset,part,"...However, there is much more a-insensitivity for the TP questions (Part 1 of TP treatment; from Table V, Model 1, 'Part 1 * TP treatment' term: point estimate = 0.19; SE = 0.09; p < 0.05).","Part 1 * TP treatment' term: point estimate = 0.19, SE = 0.09, p < 0.05",page 1848
Cleave_ExpEco_2013_Njqj,Extended Push Button Reproduction,reproduced,same,"a statistical significant association (p < .01) between the amount a player sent and participation in a laboratory experiment. The marginal effect indicates that for every additional $10 sent during the experiment, a student was, in absolute terms, 4.3 percent less likely to select into the lab","Amount sent = -0.023, robust SE clustered at the tutor level = 0.009, p < 0.01

marginal effect: Amount sent = -0.0043, robust SE clustered at the tutor level = 0.002, p < 0.01",page 378
Dahl_AmEcoRev_2012_VRKK,Push Button Reproduction,not evaluated -- not all variables are publicly available,same,"The results in column 1 imply that a $1,000 increase in family income raises math-reading achievement by 6 percent of a standard deviation, a modest effect….[Coefficient for “Current Income” is 0.0610 with standard errors clustered at the family level of 0.0231, significant at the 5 percent level.]","Coefficient for “Current Income” = 0.0610, SE clustered at the family level = 0.0231, significant at the 5 percent level",page 1942
Fehr_AmEcoRev_2011_gdlO,Extended Push Button Reproduction,reproduced,part,"Sellers provide normal quality in 94 percent of the cases in which the good state is realized. In flexible contracts, however, the higher prices are not always suffi- cient to prohibit sellers from shading. In the good state sellers provide normal quality in only 75 percent of the cases (see Table 2).
The difference in the frequency of shading between the two contract types is statistically significant (nonparametric signed rank test, p-value = 0.031 (one-sided))
This is the comparison of rigid contracts:good outcome (0.94) and flexible contracts:good outcome (0.75).",p-value = 0.031 (one-sided),page 507
Adida_CompPolitStu_2016_G0Kb,Push Button Reproduction,not reproduced,same,"Chantal’s coethnics, the Fon, express greater support for Yayi when they receive the Fon Wife Cue, and the effect is statistically significant at the 95% confidence level (from model 1 in Table 2, 'Fon wife' term: OLS estimate = 0.22 (0.08); 99% confidence level).",Fon wife' term: OLS estimate = 0.21 (0.08); 99% confidence level,page 647
Balcells_JournConflictRes_2014_0P4r,Push Button Reproduction,reproduced,same,"The results, in Table 1, show that irregular conflicts last significantly longer than the other two, a result that is very robust to the inclusion of controls (from model 4: estimate for Irregular = 0.87, SE = 0.35, p < .05).","model 4: estimate for Irregular = 0.87, SE = 0.35, p < 0.05",page 1400
PALER_AmPoliSciRev_2013_Pxp7,Push Button Reproduction,partially reproduced -- p-value not attempted due to length of computation time,part,"The tax group was five percentage points more willing to monitor the budget than the windfall group. This result is significant at the 99 percent confidence level (tax treatment effect = 0.05, Neyman SE = 0.02, randomization inference p-value = 0.003, false discovery rate q value = 0.011).","Tax treatment effect = 0.05, Neyman SE = 0.02, randomization inference p-value = 0.003, false discovery rate q value = 0.011",page 715
Christensen_EurJournPersonality_2018_8R9d,Push Button Reproduction,not evaluated -- code did not run,part,"The partial networks of the high openness to experience group had a significantly smaller ASPL across the bootstrapped samples compared with the partial networks of the low openness to experience group. Negative t-statistic denotes the high openness to experience group having lower values than the low openness to experience group. From Table 3, for 90% of nodes remaining (df = 1998), t = -65.69, d = 2.94","t = -65.69, d = 2.94, p < 0.001",page 486
Teney_EurSocioRev_2016_qXX2,Source Data Reproduction,not reproduced,part,"The effects of unemployment rates and GDP growth are significant on all EU-framing dimensions (with the exception of an insignificant effect of unemployment rate on the libertarian dimension) and go in the expected direction: an increase in unemployment rates and a decrease in GDP growth implies a higher level of negative EU framing (i.e. the communitarian and libertarian dimensions) and a lower level of positive EU framing (i.e. the cosmopolitan and utilitarian dimensions) (from 'Model 1 -- Cosmopolitan' column in Table 3, 'Unempl. rate' independent variable: estimate = -0.00340; t statistic = -4.03; P < 0.001).","Unempl. rate': estimate = -0.00340, t statistic = -4.03, P < 0.001",page 626
Usmani_AmJournSocio_2018_GJe4,Push Button Reproduction,not evaluated -- dataset could not be opened,same,"The result was a statistically significant coefficient (long-run multiplier) for the variable “Disruptive Capacity” (Table 4, Model 6): b = 2.812, CI: .69 - 5.08.","“Disruptive Capacity”: b = 2.812, CI: [0.69, 5.08]",page 686
Wilde_AmSocioRev_2010_4XLv,Extended Push Button Reproduction,reproduced,part,"A binomial regression predicting bishops’ progressive votes on the First Vote on the Blessed Virgin Mary, with explanatory variables from both religious competition and Neo-institutional theories found a significant positive effect of Structured (by a strong Protestant presence), coefficient = 0.546, p < 0.05","Structured (by a strong Protestant presence), coefficient = 0.546, SE = 0.237, p < 0.05",page 596
Nelson_JournConsRes_2009_eg1q,Author Data Reproduction,reproduced,part,"In study 2, participants who saw the program with a commercial rated it as more enjoyable than those who saw it without the commercial (M = 5.38 vs. 4.47; t(100) = 2.43, p = 0.016)","t(100) = 2.43, p = 0.016",page 164
Ku_JournEnvPsych_2014_YpZZ,Author Data Reproduction,approximately reproduced -- some minor differences in the output due to coding errors in the original study,same,"As a whole, Hypothesis 2 was supported as the relative intrinsic group obtained a mean score of 4.01 (SD = .71) on the WTP (willingness to pay), which was significantly higher than the relative extrinsic group's mean score of 3.30 (SD = .59), t(79) = 4.87, p < .001, r = .48.","t(79) = 4.87, p < 0.001, r = 0.48",page 475
Hurst_EvoHumanBehavior_2017_yypJ,Author Data Reproduction,reproduced,part,"The results revealed significant associations between both life history measures and total psychopathology symptom frequency with faster life strategies associated with more symptoms of psychopathology. (From Table 5: Mini-K life history strategy predicting total psychopathology correlation coefficient = -0.51, p < 0.002)","total psychopathology coefficient for Mini-K = -0.51, p < 0.002",page 5
Pastötter_Cognition_2013_EQxa,Author Data Reproduction,reproduced,part,"In an F test on participants’ yes/no answers to the moral dilemma, with factors of mood (positive, negative) and frame (active, passive), affective influences on moral judgment varied with decision frame, F(1, 396) = 29.0, p < .001, partial eta squared = .07","F(1, 396) = 29.0, p < 0.001, partial eta squared = 0.07",page 374
Linkenauger_PsychologSci_2009_7WjP,Author Data Reproduction,reproduced,part,"An ANOVA of participants’ perceived-to-actual arm length ratios found a significant interaction was found between arm measured and participant handedness, F(1, 28) = 4.74, p_rep = .90, partial eta squared = .15","F(1, 28) = 4.74, p_rep = 0.90, partial eta squared = 0.15",page 1374
Anderson_AmEcoJourn_2011_bLe8,Push Button Reproduction,reproduced,same,"The estimation results from Table 3 confirm the robustness of the positive relationship between agricultural income and residing in a low-caste dominated village. [The coefficient for “Low-caste villages” is 566.5 with robust standard errors of 209, significant at the 1 percent level.]","F(6, 89) = 8.40",page 248
Platt_Boustan_AmEcoJourn_2012_PVQK,Push Button Reproduction,approximately reproduced -- outcomes are close but not exact,same,The difference-in-differences estimator indicates that the suburban price premium increased by an additional 5.8 percentage points in metropolitan areas where the central city was required to desegregate over the 1970s (column 3; 'delta 1970–1980' row: coefficient = -0.058; SE clustered by school district = 0.028; Significant at the 5 percent level.). TABLE5,NA,page 95
Bursztyn_AmEcoRev_2017_VB9K,NA,never attempted,part,"Table 4 [presents the results looking at the] effect of the public treatment on reported job preference and skills. [Coefficient of “Public treatment” is −18.12 with robust standard error of 8.17, p-value = 0.030.]",NA,page 3306
Kleven_AmEcoRev_2013_Jg9v,NA,never attempted,similar,"As shown in the figure and in Table 1 (panel B2), the implied difference-in-differences elasticity of the number of foreigners with respect to the net-of-tax rate is very large and highly significant for top players, 3.01 (0.78).",NA,page 1906
Benjamin_AmEcoRev_2010_WaYe,NA,never attempted,same,"Column 1 [of Table 2] confirms that the interest rate required by Asians to defer payment falls dramatically when Asian ethnic identity is made salient. [Coefficient for “Ethnicity salient” is -1.4165 with Huber-White standard errors clustered by subject of 0.3783, significant at the 1 percent level.]",NA,page 1917
Bigoni_Econometrica_2015_VBx1,Push Button Reproduction,reproduced,part,"By contrast, in the short duration treatments, cooperation rates are significantly higher with a deterministic horizon than with a stochastic horizon (p-value < 0001; see Table III). [coefficient for “Short-Stochastic” is -17.799, se = 3.830. ]",NA,NA
Hendricks_QuartJournEco_2018_wNKW,NA,never attempted,no,"…The coefficient on “no high school” indicates that immigrants who have never been to high school gain 82% more on migration to the United States than immigrants with a college degree. See Table III. ∗∗∗ denotes estimates that are statistically different from 0 at the 99% level. [Coefficient of No high school = 0.599, Standard error = 0.073]",NA,NA
Einstein_AmJourPoliSci_2017_mxyQ,NA,never attempted,part,"The Hispanic name indicator variable is substantial, negative, and highly significant (Logit coefficient = -0.82, SE = 0.22, p < .01). Baseline is white friendly greeting probability.",NA,page 108
TERTYTCHNAYA_AmPoliSciRev_2018_9wya,Push Button Reproduction,reproduced,no,"The results show that an increase in remittances coincides with an increase in trust in the president, while a decrease in remittances decreases trust in the president (coefficient on Change in Amount of Remittances term = 0.048, SE = 0.019, p ≤ 0.05).",NA,page 767
Menaldo_AmJourPoliSci_2016_Vx4e,Push Button Reproduction,reproduced,no,"The coefficient on state capacity is negative and highly significant in column 1 of Table 2, in both a substantive and statistical sense (coefficient = –8.118, SE = 0.531).","State Capacity (IQG): coefficient = -2.479, SE = 0.023",page 464
Wright_JournConflictRes_2016_W0GN,Push Button Reproduction,essentially reproduced -- slight differences due to a rounding difference,similar,"When institutionally mixed dyads fight over territory, war becomes more likely, within five years and in the full sample (from Table 2: estimate for 'Territorial MID x mixed regime dyad' term = 0.769; SE = 0.220; p < 0.01 [two-tailed significance]).","estimate for 'Territorial MID x mixed regime dyad' term = 0.769, SE = 0.220, p < 0.01 [two-tailed significance]",NA
PIETRYKA_AmPoliSciRev_2017_yjkQ,Push Button Reproduction,reproduced,same,"The Elite Proximity-Turnout Hypothesis receives support. Model 3 for the Alexandria case shows a positive and statistically significant coefficient associated with elite proximity, suggesting people more proximate to elites vote at higher rates (coefficient on social proximity to elites (Z score) term = 0.557, SE = 0.125, p < 0.05).",NA,NA
Gerber_BritJournPoliSci_2018_3WmY,Push Button Reproduction,reproduced,part,"Justification rationality has a clear effect on the magnitude of opinion change: the higher the group level of justification, the more participants have reconsidered their original positions on immigration (Model 2b; coefficient on deliberative quality - level of justification term = 0.130, SE = 0.066, p < 0.05).",NA,NA
Cingranelli_BritJournPoliSci_2014_qg47,Author Data Reproduction,approximately reproduced -- outcomes are close but not exact,part,"The estimated coefficient of the main independent variable measuring Reliance on Taxes has the expected sign and is statistically significant (coefficient on Reliance on Taxes term = 0.006, robust SE = 0.002, p < 0.05).
Model 6 (ordered probit)",NA,page 620
Shahar_JournConflictRes_2018_J0Yv,NA,never attempted,part,"Post hoc analysis using Bonferroni correction indicated that the comparison of in-group superiors to in-group nongovernmental organizations was significant (p < .001) (from Table 1, Mean (SD): WSC — in-group superiors = 3.01 (1.51); WSC — in-group nongovernmental organizations = 4.06 (1.54)).""",NA,NA
Li_JournExpPoliSci_2017_G4mp,Push Button Reproduction,reproduced,same,"OLS regressions.  Randomized experiment. In both waves of the survey, we implemented a series of conjoint experiments to empirically assess our hypotheses. Conjoint analysis involves having respondents evaluate two or more hypothetical options (e.g. several political candidates) with multiple attributes (e.g. race, party, and ideology), then estimating how each attribute affects respondents’ preferences for different options. Seven-point score as the dependent variable and FDI project features as independent variables. The coefficient on the create 1000 local jobs term in the model is approximately 0.25 with a 95% confidence interval that does not contain 0. (p.199-201))",NA,NA
Mironova_JournExpPoliSci_2014_59Rq,NA,never attempted,part,The mean in the primarily Albanian region is 3.13 (SD=1.94); the mean in the primarily Serb region is 1.63 (SD=1.86). The t-statistic on this difference is 4.03 with a p-value less than 0.01.,NA,NA
Wilfahrt_WorldPolitics_2018_k7wj,Push Button Reproduction,approximately reproduced -- outcomes are close but not exact,same,"Model 3 in Table 1 indicates that falling within the boundaries of a precolonial state significantly increases the odds of receiving access to new social services (new primary schools) (coefficient on institutional congruence 20km term = 2.508, robust SE clustered at the rural community = 0.390, p < 0.001).",NA,NA
Brough_JournConsRes_2016_9ey,Author Data Reproduction,approximately reproduced -- outcomes are close but not exact,similar,"The femininity index differed significantly based on the target’s environmental behavior; F(1, 190) = 44.00, p < .001, partial eta squared = .19, such that the green target (M = 2.64, SD = .90, N = 94) was perceived as more feminine than the non green target (M = 1.82, SD = .86,N = 100)",NA,NA
Petersen_Cognition_2017_yJwG,Author Data Reproduction,reproduced,part,"Fitting the theory of visual attention (TVA) model to each participant (separately for each condition, cue/no cue), there was an increase in processing speed v, t(27) = 4.71, p < 0.001, dz = 0.89 when a 85 dB cue is presented prior to the letter, compared to when no cue was present.",NA,NA
Goerg_JournLabEco_2010_WLpV,NA,never attempted,part,"Focusing on the complementary Production Function, effort levels are significantly higher (p = .0004, two-tailed) under a Discriminating reward scheme than under a Symmetrical reward scheme in the Medium-reward type. In 345COM treatment the mean effort level was  88.9%. In the 444COM treatment, however, it was 72.2%. Comparison across treatments within reward type (p-values, rank-sum test) p = .0260",NA,NA
Thames_CompPolitStu_2010_l22v,NA,never attempted,similar,"Having the most party-centered electoral system in terms of ballot rules increases women’s representation by more than 2% (see Model 1) as predicted in H1 (from Model 1 in Table 2, 'Ballot = 0 (1, 0)' independent variable: b = 2.389; SE [panel-corrected] = 1.012; p less than or equal to .05).",NA,page 1587
Bingham Powell_CompPolitStu_2009_0PZl,Source Data Reproduction,reproduced,similar,"In that specification, only the plurality vote winner distance is (very strongly) statistically significant, whereas the time dummies are reduced, most to insignificance ('Plurality party distance to median voter' term: estimate = 0.84; panel-corrected SE = 0.05; significant at .01).",NA,page 1491
Hertel_ClinPsychSci_2018_YabW,Push Button Reproduction,reproduced,similar,"There was a significant interaction between rumination category and reactions to the baseline vs. suppressed conditions, F(1, 48) = 6.20, MSE = 746.04, p = .016, partial eta squared = .11. Clear evidence of SIF (suppression induced forgetting, i.e. negative interpretations for baseline cues but not suppression cues) was obtained for non-ruminators; but not for ruminators.",NA,NA
Altmann_JournLabEco_2012_WLkV,Push Button Reproduction,not evaluated -- analysis code not provided,part,"Columns 1 and 2 of table 2 show that first-stage behavior differs considerably between the two treatments. Average effort in the first stage of the two-stage treatment is 84.8 (median = 84). Thus, subjects behave much more competitively in the multistage tournament, exerting efforts that are almost 20% higher than those of their counterparts in the one-stage treatment (average effort = 71.7, median = 75). A Mann-Whitney U-test confirms that the treatment difference is statistically significant (|z| = 2.536, p = .011, two sided).",NA,p. 158
Robertson_BritJournPoliSci_2017_qggQ,Author Data Reproduction,approximately reproduced -- outcomes are close but not exact,no,"Opposition voters are very much moved by knowledge of Golos. Even though this group is the most skeptical of the three by far, those among the opposition who know about Golos are still about twice as likely to express skepticism about the elections than opposition voters who could not correctly identify the organization (odds ratio is approximately 2, with a 95 per cent confidence interval that does not cross 0 [see Figure 2]).",NA,NA
Antràs_Econometrica_2013_a2Yx,Push Button Reproduction,reproduced,no,"The effect of downstreamness is positive and significant at the 5% level when the average buyer demand elasticity is above the median for this variable (beta_2 > 0), consistent with a greater propensity toward the integration of input suppliers that enter further downstream in the value chain (from Table III, column (2), 'DUse_TUse × 1(Elas > Median), beta_2' term: estimate = 0.171 [0.067]).",NA,NA
BATESON_AmPoliSciRev_2012_RYKv,Source Data Reproduction,not reproduced,same,"The coefficient on victimization is positive and statistically significant (coefficient = 0.0334, robust SE = 0.00317, p < 0.001) [Table 4, first column, top row].",NA,NA
Fitzgerald_SocialForces_2018_4q0L,Source Data Reproduction,not reproduced,same,"In model 1 (Table 4), the authors find that the scale effect of working hours on carbon emissions is positive and significant. Specifically, in model 1, they find that, over time, a 1 percent increase in average working hours per worker is associated with a 0.668 per-cent increase in emissions, holding all else constant (b = .668, SE = .179, p < .001).",NA,NA
Raley_JournMarFam_2012_D2LY,Source Data Reproduction,not reproduced,similar,"1.The result was a statistically significant regression coefficient for “fertility expectations” in the equation contrasting going to a 2 year college versus never attending any college, B = -.05, p < .01, SE = .01, RRR = .96",NA,NA
Desmond_Demography_2015_qQ9Z,Source Data Reproduction,approximately reproduced -- outcomes are close but not exact,same,"Even after controlling for a suite of important factors, the model estimate that renters who experienced a forced move live in neighborhoods with significantly higher poverty  rates than those who moved voluntarily, conditioning on previous neighborhood poverty rate and crime rate. Experiencing a forced move is associated with more than one-third of a standard deviation increase in neighborhood poverty rates, relative to voluntary moves. The authors full models estimate that, all else equal, renters who experienced a forced move wound up in neighborhoods with a poverty rate 5.4 percentage points higher (b = .054, SE = .025, p < .05).",NA,NA
Waller_JournMarFam_2014_AXBY,Source Data Reproduction,not reproduced,same,"In the full model (Model 5), the odds of both parents listing the child in their household roster were 3.8 times higher when they spent nights together, unstandardized logistic regression coefficient estimate = 1.33, SE = .55, Odds Ratio = 3.76, p < .001",NA,NA
McLaren_WorldPolitics_2012_wRvv,Source Data Reproduction,approximately reproduced -- outcomes are close but not exact,same,"The results indicate that after controlling for fairly powerful predictors of distrust in politics, concern about immigration has a statistically significant effect on distrust in politics, with maximum effects of 1.7 on the 11-point measure of distrust in parliament (coefficient [b] on concern about immigration term = 0.17, SE = 0.00, p = 0.000).",NA,NA
Huijts_EurSocioRev_2013_OY3B,Source Data Reproduction,not reproduced,part,"In Model 2a, the authors find that the difference in psychological well-being between people who live with children and childless people is larger as societal norms are more disapproving of childlessness (from 'Men' panel of Model 2a in Table 4, 'Lives with children x Percent (strongly) disapproves' term: B = 0.002; SE = 0.001; P < 0.05).",NA,NA
Yoo_PsychologSci_2017_BebG,Source Data Reproduction,not reproduced,same,"There were significant interactions between positive affect and culture for HDL-C (high-density lipoprotein cholesterol), b = 0.022, 95% confidence interval (CI) = [0.001, 0.045], partial eta squared = .03, t(1372) = 2.00, p = .046",NA,NA
Kuo_Demography_2016_JWzJ,Source Data Reproduction,approximately reproduced -- outcomes are close but not exact,part,"The result was a statistically significant, the coefficient for 2005–2010 period is b = -0.683, SE = (0.14), p < .001",NA,NA
Ohtsubo_EvoHumanBehavior_2014_zlm2,Author Data Reproduction,reproduced,same,"Consistent with the hypothesis, intimacy was higher in the attention condition (4.58 ± .82) than in the no attention condition (2.82 ± .79), t27 = 5.91, p < .001, d = 2.20",NA,NA
